Original,Combined,Gender
Blazers,Jackets & Coats,
Brooks-MensPants,Trousers,Mens
Brooks-MensShorts,Shorts,Mens
Brooks-MensSuits,Suits,Mens
Brooks-WomenDresses,Dresses,Womens
Brooks-WomenKnitwear,Jumpers,Womens
Brooks-WomenPants,Trousers,Womens
Brooks-WomenSkirts,Skirts,Womens
Brooks-WomensTops,Blouses,Womens
Dresses & Jumpsuits,Dresses,
Hoodies & Sweatshirts,Jumpers,
HugoBoss-Blouses,Blouses,Womens
HugoBoss-Dresses,Dresses,Womens
HugoBoss-MensKnitwear,Jumpers,Mens
HugoBoss-MensShirts,Shirts,Mens
HugoBoss-MensShorts,Shorts,Mens
HugoBoss-MensSuits,Suits,Mens
HugoBoss-MensTrousers,Trousers,Mens
HugoBoss-MensTshirts,T-Shirts,Mens
HugoBoss-Skirts,Skirts,Womens
HugoBoss-WomenJackets,Jackets & Coats,Womens
HugoBoss-WomensTops,Blouses,Womens
HugoBoss-WomenSuits,Suits,Womens
Jackets,Jackets & Coats,
"Jackets, Coats & Vests",Jackets & Coats,
Jeans & Denim,Jeans,
MEN_casual-shirts,Shirts,Mens
MEN_dress shirts,Shirts,Mens
MEN_jacket & coats & vests,Jackets & Coats,Mens
MEN_jeans & denim,Jeans,Mens
MEN_jeans _ denim,Jeans,Mens
MEN_polo-shirts,Polos,Mens
MEN_shorts & swim trunks,Shorts,Mens
MEN_shorts _ swim trunks,Shorts,Mens
MEN_sport coats & blazers,Jackets & Coats,Mens
MEN_suits & tuxedos,Suits,Mens
MEN_suits _ tuxedos,Suits,Mens
MEN_sweaters & cardigans,Jumpers,Mens
MEN_sweaters _ cardigans,Jumpers,Mens
MEN_sweatershirts & sweatpants & hoodies,Jumpers,Mens
MEN_sweatershirts _ sweatpants _ hoodies,Jumpers,Mens
MEN_trousers & chinos,Trousers,Mens
MEN_trousers _ chinos,Trousers,Mens
MEN_t-shirts,T-Shirts,Mens
Mens Blazer_Cardigan_Coats,Jackets & Coats,Mens
Mens Casual Outers,Jackets & Coats,Mens
Mens Casual Outers_Jackets,Jackets & Coats,Mens
Mens Casual Pants,Trousers,Mens
Mens Casual-shirts,T-Shirts,Mens
Mens Denim,Jeans,Mens
Mens Formal-shirts,T-Shirts,Mens
Mens Hats,Accessories,Mens
Mens Hoodies,Jumpers,Mens
Mens Hoodies & Pullovers,Jumpers,Mens
Mens Hoodies _ Pullovers,Jumpers,Mens
Mens Jackets,Jackets & Coats,Mens
Mens Jackets & Vests,Jackets & Coats,Mens
Mens Jackets _ Vests,Jackets & Coats,Mens
Mens Jeans,Jeans,Mens
Mens Jewelry,Accessories,Mens
Mens Knitwear,Jumpers,Mens
Mens Leather_and_Fur,Jackets & Coats,Mens
Mens Longsleeves,Shirts,Mens
Mens Longsleeves_T-shirt,T-Shirts,Mens
Mens Outerwear,Jackets & Coats,Mens
Mens Pants,Trousers,Mens
Mens Pants & Tights,Trousers,Mens
Mens Pants _ Tights,Trousers,Mens
Mens Polo,Polos,Mens
Mens Polos,Polos,Mens
Mens Polo-shirt,Polos,Mens
Mens Shirts,Shirts,Mens
Mens Shoes,Shoes,Mens
Mens Shorts,Shorts,Mens
Mens Sunglasses,Accessories,Mens
Mens Sweaters,Jumpers,Mens
Mens Sweatshirts,Jumpers,Mens
Mens Sweatshirts & Hoodies,Jumpers,Mens
Mens Sweatshirts _ Hoodies,Jumpers,Mens
Mens Sweatshirts _ Hoodies,Jumpers,Mens
Mens Tops & T-Shirts,T-Shirts,Mens
Mens Tops _ T-Shirts,T-Shirts,Mens
Mens Tops _ T-shirts,T-Shirts,Mens
Mens Trousers,Trousers,Mens
Mens T-shirt,T-Shirts,Mens
Mens T-Shirts,T-Shirts,Mens
Mens T-shirts_tanktops,T-Shirts,Mens
Polo,Polos,
Polo Shirts,Polos,Mens
Shirts,Shirts,
Shorts & Skirts,Shorts,
Sweaters,Jumpers,
T-shirts,T-Shirts,
"WOMEN__Jackets, Coats _ Vests",Jackets & Coats,Womens
WOMEN_Blazers,Jackets & Coats,Womens
WOMEN_Dresses _ Jumpsuits,Dresses,Womens
WOMEN_Hoodies _ Sweatshirts,Jumpers,Womens
WOMEN_Jeans _ Denim,Jeans,Womens
WOMEN_Pants,Trousers,Womens
WOMEN_Polo Shirts,Polos,Womens
WOMEN_Shirts & Blouses,Blouses,Womens
WOMEN_Shorts,Shorts,Womens
WOMEN_Skirts,Skirts,Womens
WOMEN_Sweaters,Jumpers,Womens
WOMEN_T-shirts,T-Shirts,Womens
Womens Blazer_Cardigan_Coats,Jackets & Coats,Womens
Womens Casual Outers,Jackets & Coats,Womens
Womens Casual Outers_jackets,Jackets & Coats,Womens
Womens Coats,Jackets & Coats,Womens
Womens Denim,Jeans,Womens
Womens Dresses,Dresses,Womens
Womens Handbags,Accessories,Womens
Womens Hats,Accessories,Womens
Womens Hoodies,Jumpers,Womens
Womens Hoodies & Pullovers,Jumpers,Womens
Womens Hoodies _ Pullovers,Jumpers,Womens
Womens Jackets,Jackets & Coats,Womens
Womens Jackets & Blazers,Jackets & Coats,Womens
Womens Jackets & Vests,Jackets & Coats,Womens
Womens Jackets _ Blazers,Jackets & Coats,Womens
Womens Jackets _ Vests,Jackets & Coats,Womens
Womens Jeans,Jeans,Womens
Womens Jeans and Denim,Jeans,Womens
Womens Jewellry,Accessories,Womens
Womens Jumpsuits,Dresses,Womens
Womens Knitwear,Jumpers,Womens
Womens Leather_and_Fur,Jackets & Coats,Womens
Womens Longsleeves,Shirts,Womens
Womens Longsleeves_T-shirt,T-Shirts,Womens
Womens Outerwear,Jackets & Coats,Womens
Womens Pants,Trousers,Womens
Womens Pants & Tights,Trousers,Womens
Womens Pants _ Tights,Trousers,Womens
Womens Polos,Polos,Womens
Womens Shirts,Shirts,Womens
Womens Shirts Blouses & Tops,Shirts,Womens
Womens Shirts Blouses _ Tops,Shirts,Womens
Womens Shirts_and_Blouses,Shirts,Womens
Womens Shirts_Blouses,Blouses,Womens
Womens Shoes,Shoes,Womens
Womens Shorts,Shorts,Womens
Womens Skirts,Skirts,Womens
Womens Suits,Suits,Womens
Womens Sunglasses,Accessories,Womens
Womens Sweaters,Jumpers,Womens
Womens Sweaters & Cardigans,Jumpers,Womens
Womens Sweaters _ Cardigans,Jumpers,Womens
Womens Sweatshirts,Jumpers,Womens
Womens Sweatshirts & Hoodies,Jumpers,Womens
Womens Sweatshirts & T-Shirts,T-Shirts,Womens
Womens Sweatshirts _ Hoodies,Jumpers,Womens
Womens Sweatshirts _ T-Shirts,T-Shirts,Womens
Womens Sweatwears,Jumpers,Womens
Womens Tops,T-Shirts,Womens
Womens Tops & T-Shirts,T-Shirts,Womens
Womens Tops _ T-Shirts,T-Shirts,Womens
Womens Tops _ T-shirts,T-Shirts,Womens
Womens Trousers,Trousers,Womens
Womens Trousers & Jeans,Trousers,Womens
Womens Trousers _ Jeans,Jeans,Womens
Womens Trousers _ Jeans,Trousers,Womens
Womens T-shirt_tanktops,T-Shirts,Womens
Womens T-Shirts,T-Shirts,Womens
